-- phpMyAdmin SQL Dump
-- version 5.0.2
-- https://www.phpmyadmin.net/
--
-- Host: 127.0.0.1
-- Generation Time: Jan 02, 2022 at 12:27 PM
-- Server version: 10.4.11-MariaDB
-- PHP Version: 7.4.4

SET SQL_MODE = "NO_AUTO_VALUE_ON_ZERO";
START TRANSACTION;
SET time_zone = "+00:00";


/*!40101 SET @OLD_CHARACTER_SET_CLIENT=@@CHARACTER_SET_CLIENT */;
/*!40101 SET @OLD_CHARACTER_SET_RESULTS=@@CHARACTER_SET_RESULTS */;
/*!40101 SET @OLD_COLLATION_CONNECTION=@@COLLATION_CONNECTION */;
/*!40101 SET NAMES utf8mb4 */;

--
-- Database: `gaji`
--

-- --------------------------------------------------------

--
-- Table structure for table `absensi`
--

CREATE TABLE `absensi` (
  `id` int(10) NOT NULL,
  `kd_karyawan` char(5) DEFAULT NULL,
  `tanggal` date DEFAULT NULL,
  `jam_masuk` time DEFAULT NULL,
  `jam_keluar` time DEFAULT NULL,
  `status_kehadiran` varchar(20) DEFAULT NULL,
  `keterangan` varchar(100) DEFAULT NULL
) ENGINE=InnoDB DEFAULT CHARSET=utf8mb4;

--
-- Dumping data for table `absensi`
--

INSERT INTO `absensi` (`id`, `kd_karyawan`, `tanggal`, `jam_masuk`, `jam_keluar`, `status_kehadiran`, `keterangan`) VALUES
(1, 'K-10', '2021-12-01', '07:00:00', '16:00:00', 'Hadir', ''),
(2, 'K-20', '2021-12-01', '07:00:00', '16:00:00', 'Hadir', ''),
(3, 'K-21', '2021-12-01', '07:00:00', '16:00:00', 'Hadir', ''),
(4, 'K-41', '2021-12-01', '07:00:00', '16:00:00', 'Hadir', ''),
(5, 'K-5', '2021-12-01', '07:00:00', '16:00:00', 'Hadir', ''),
(6, 'K-7', '2021-12-01', '07:00:00', '16:00:00', 'Hadir', ''),
(7, 'K-8', '2021-12-01', '07:00:00', '16:00:00', 'Hadir', ''),
(8, 'K-1', '2021-12-01', '07:00:00', '12:00:00', 'Pulang Cepat', ''),
(9, 'K-14', '2021-12-01', '07:00:00', '16:00:00', 'Hadir', ''),
(10, 'K-25', '2021-12-01', '07:00:00', '16:00:00', 'Hadir', ''),
(11, 'K-3', '2021-12-01', '07:00:00', '16:00:00', 'Hadir', ''),
(12, 'K-30', '2021-12-01', '07:00:00', '16:00:00', 'Hadir', ''),
(13, 'K-31', '2021-12-01', '07:00:00', '16:00:00', 'Hadir', ''),
(14, 'K-4', '2021-12-01', '07:00:00', '16:00:00', 'Hadir', ''),
(15, 'K-99', '2021-12-01', '07:00:00', '16:00:00', 'Hadir', ''),
(16, 'K-10', '2021-12-02', '07:00:00', '16:00:00', 'Hadir', ''),
(17, 'K-20', '2021-12-02', '07:00:00', '16:00:00', 'Hadir', ''),
(18, 'K-21', '2021-12-02', '07:00:00', '16:00:00', 'Hadir', ''),
(19, 'K-41', '2021-12-02', '07:00:00', '15:00:00', 'Pulang Cepat', ''),
(20, 'K-5', '2021-12-02', '07:00:00', '16:00:00', 'Hadir', ''),
(21, 'K-7', '2021-12-02', '07:00:00', '16:00:00', 'Hadir', ''),
(22, 'K-8', '2021-12-02', '07:00:00', '16:00:00', 'Hadir', ''),
(23, 'K-1', '2021-12-02', '07:00:00', '16:00:00', 'Hadir', ''),
(24, 'K-14', '2021-12-02', '07:00:00', '16:00:00', 'Hadir', ''),
(25, 'K-25', '2021-12-02', '07:00:00', '16:00:00', 'Hadir', ''),
(26, 'K-3', '2021-12-02', '07:00:00', '16:00:00', 'Hadir', ''),
(27, 'K-30', '2021-12-02', '07:00:00', '16:00:00', 'Hadir', ''),
(28, 'K-31', '2021-12-02', '07:00:00', '16:00:00', 'Hadir', ''),
(29, 'K-4', '2021-12-02', '07:00:00', '16:00:00', 'Hadir', ''),
(30, 'K-99', '2021-12-02', '07:00:00', '16:00:00', 'Hadir', ''),
(31, 'K-10', '2021-12-03', '07:00:00', '16:00:00', 'Hadir', ''),
(32, 'K-20', '2021-12-03', '07:00:00', '16:00:00', 'Hadir', ''),
(33, 'K-21', '2021-12-03', '07:00:00', '16:00:00', 'Hadir', ''),
(34, 'K-41', '2021-12-03', '07:00:00', '16:00:00', 'Hadir', ''),
(35, 'K-5', '2021-12-03', '07:00:00', '16:00:00', 'Hadir', ''),
(36, 'K-7', '2021-12-03', '07:00:00', '16:00:00', 'Hadir', ''),
(37, 'K-8', '2021-12-03', '07:00:00', '16:00:00', 'Hadir', ''),
(38, 'K-1', '2021-12-03', '07:00:00', '16:00:00', 'Hadir', ''),
(39, 'K-14', '2021-12-03', '07:00:00', '16:00:00', 'Hadir', ''),
(40, 'K-25', '2021-12-03', '07:00:00', '16:00:00', 'Hadir', ''),
(41, 'K-3', '2021-12-03', '07:00:00', '16:00:00', 'Hadir', ''),
(42, 'K-30', '2021-12-03', '07:00:00', '16:00:00', 'Hadir', ''),
(43, 'K-31', '2021-12-03', '07:00:00', '16:00:00', 'Hadir', ''),
(44, 'K-4', '2021-12-03', '07:00:00', '16:00:00', 'Hadir', ''),
(45, 'K-99', '2021-12-03', '07:00:00', '16:00:00', 'Hadir', ''),
(46, 'K-10', '2021-12-04', '07:00:00', '16:00:00', 'Hadir', ''),
(47, 'K-20', '2021-12-04', '07:00:00', '16:00:00', 'Hadir', ''),
(48, 'K-21', '2021-12-04', '07:00:00', '16:00:00', 'Hadir', ''),
(49, 'K-41', '2021-12-04', '07:00:00', '16:00:00', 'Hadir', ''),
(50, 'K-5', '2021-12-04', '07:00:00', '16:00:00', 'Hadir', ''),
(51, 'K-7', '2021-12-04', '07:00:00', '16:00:00', 'Hadir', ''),
(52, 'K-8', '2021-12-04', '00:00:00', '00:00:00', 'Izin Tidak Masuk', ''),
(53, 'K-1', '2021-12-04', '07:00:00', '16:00:00', 'Hadir', ''),
(54, 'K-14', '2021-12-04', '07:00:00', '16:00:00', 'Hadir', ''),
(55, 'K-25', '2021-12-04', '07:00:00', '16:00:00', 'Hadir', ''),
(56, 'K-3', '2021-12-04', '07:00:00', '16:00:00', 'Hadir', ''),
(57, 'K-30', '2021-12-04', '07:00:00', '16:00:00', 'Hadir', ''),
(58, 'K-31', '2021-12-04', '00:00:00', '00:00:00', 'Cuti', ''),
(59, 'K-4', '2021-12-04', '00:00:00', '00:00:00', 'Cuti', ''),
(60, 'K-99', '2021-12-04', '07:00:00', '16:00:00', 'Hadir', ''),
(61, 'K-10', '2021-12-06', '07:00:00', '16:00:00', 'Hadir', ''),
(62, 'K-20', '2021-12-06', '07:00:00', '16:00:00', 'Hadir', ''),
(63, 'K-21', '2021-12-06', '07:00:00', '16:00:00', 'Hadir', ''),
(64, 'K-41', '2021-12-06', '07:00:00', '16:00:00', 'Hadir', ''),
(65, 'K-5', '2021-12-06', '07:00:00', '16:00:00', 'Hadir', ''),
(66, 'K-7', '2021-12-06', '07:00:00', '16:00:00', 'Hadir', ''),
(67, 'K-8', '2021-12-06', '07:00:00', '16:00:00', 'Hadir', ''),
(68, 'K-1', '2021-12-06', '07:00:00', '16:00:00', 'Hadir', ''),
(69, 'K-14', '2021-12-06', '07:00:00', '16:00:00', 'Hadir', ''),
(70, 'K-25', '2021-12-06', '07:00:00', '16:00:00', 'Hadir', ''),
(71, 'K-3', '2021-12-06', '07:00:00', '16:00:00', 'Hadir', ''),
(72, 'K-30', '2021-12-06', '07:00:00', '16:00:00', 'Hadir', ''),
(73, 'K-31', '2021-12-06', '07:00:00', '16:00:00', 'Hadir', ''),
(74, 'K-4', '2021-12-06', '07:00:00', '16:00:00', 'Hadir', ''),
(75, 'K-99', '2021-12-06', '07:00:00', '16:00:00', 'Hadir', ''),
(76, 'K-10', '2021-12-07', '07:00:00', '16:00:00', 'Hadir', ''),
(77, 'K-20', '2021-12-07', '07:00:00', '16:00:00', 'Hadir', ''),
(78, 'K-21', '2021-12-07', '07:00:00', '16:00:00', 'Hadir', ''),
(79, 'K-41', '2021-12-07', '07:00:00', '16:00:00', 'Hadir', ''),
(80, 'K-5', '2021-12-07', '07:00:00', '16:00:00', 'Hadir', ''),
(81, 'K-7', '2021-12-07', '07:00:00', '16:00:00', 'Hadir', ''),
(82, 'K-8', '2021-12-07', '07:00:00', '16:00:00', 'Hadir', ''),
(83, 'K-1', '2021-12-07', '07:00:00', '16:00:00', 'Hadir', ''),
(84, 'K-14', '2021-12-07', '07:00:00', '16:00:00', 'Hadir', ''),
(85, 'K-25', '2021-12-07', '07:00:00', '16:00:00', 'Hadir', ''),
(86, 'K-3', '2021-12-07', '07:00:00', '16:00:00', 'Hadir', ''),
(87, 'K-30', '2021-12-07', '07:00:00', '16:00:00', 'Hadir', ''),
(88, 'K-31', '2021-12-07', '07:00:00', '16:00:00', 'Hadir', ''),
(89, 'K-4', '2021-12-07', '07:00:00', '16:00:00', 'Hadir', ''),
(90, 'K-99', '2021-12-07', '07:00:00', '16:00:00', 'Hadir', ''),
(91, 'K-10', '2021-12-08', '07:00:00', '16:00:00', 'Hadir', ''),
(92, 'K-20', '2021-12-08', '07:00:00', '16:00:00', 'Hadir', ''),
(93, 'K-21', '2021-12-08', '07:00:00', '16:00:00', 'Hadir', ''),
(94, 'K-41', '2021-12-08', '07:00:00', '16:00:00', 'Hadir', ''),
(95, 'K-5', '2021-12-08', '07:00:00', '16:00:00', 'Hadir', ''),
(96, 'K-7', '2021-12-08', '07:00:00', '16:00:00', 'Hadir', ''),
(97, 'K-8', '2021-12-08', '07:00:00', '16:00:00', 'Hadir', ''),
(98, 'K-1', '2021-12-08', '07:00:00', '16:00:00', 'Hadir', ''),
(99, 'K-14', '2021-12-08', '07:00:00', '16:00:00', 'Hadir', ''),
(100, 'K-25', '2021-12-08', '07:00:00', '16:00:00', 'Hadir', ''),
(101, 'K-3', '2021-12-08', '07:00:00', '16:00:00', 'Hadir', ''),
(102, 'K-30', '2021-12-08', '07:00:00', '16:00:00', 'Hadir', ''),
(103, 'K-31', '2021-12-08', '07:00:00', '16:00:00', 'Hadir', ''),
(104, 'K-4', '2021-12-08', '07:00:00', '16:00:00', 'Hadir', ''),
(105, 'K-99', '2021-12-08', '07:00:00', '16:00:00', 'Hadir', ''),
(106, 'K-10', '2021-12-09', '07:00:00', '16:00:00', 'Hadir', ''),
(107, 'K-20', '2021-12-09', '07:00:00', '16:00:00', 'Hadir', ''),
(108, 'K-21', '2021-12-09', '00:00:00', '00:00:00', 'Tanpa Keterangan', ''),
(109, 'K-41', '2021-12-09', '07:00:00', '16:00:00', 'Hadir', ''),
(110, 'K-5', '2021-12-09', '07:00:00', '16:00:00', 'Hadir', ''),
(111, 'K-7', '2021-12-09', '07:00:00', '16:00:00', 'Hadir', ''),
(112, 'K-8', '2021-12-09', '07:00:00', '16:00:00', 'Hadir', ''),
(113, 'K-1', '2021-12-09', '07:00:00', '16:00:00', 'Hadir', ''),
(114, 'K-14', '2021-12-09', '07:00:00', '16:00:00', 'Hadir', ''),
(115, 'K-25', '2021-12-09', '07:00:00', '16:00:00', 'Hadir', ''),
(116, 'K-3', '2021-12-09', '07:00:00', '19:00:00', 'Lembur', 'Lembur Proyek'),
(117, 'K-30', '2021-12-09', '07:00:00', '19:00:00', 'Lembur', 'Lembur Proyek'),
(118, 'K-31', '2021-12-09', '07:00:00', '16:00:00', 'Hadir', ''),
(119, 'K-4', '2021-12-09', '07:00:00', '16:00:00', 'Hadir', ''),
(120, 'K-99', '2021-12-09', '07:00:00', '16:00:00', 'Hadir', ''),
(121, 'K-10', '2021-12-10', '07:00:00', '16:00:00', 'Hadir', ''),
(122, 'K-20', '2021-12-10', '07:00:00', '16:00:00', 'Hadir', ''),
(123, 'K-21', '2021-12-10', '07:00:00', '16:00:00', 'Hadir', ''),
(124, 'K-41', '2021-12-10', '07:00:00', '16:00:00', 'Hadir', ''),
(125, 'K-5', '2021-12-10', '07:00:00', '16:00:00', 'Hadir', ''),
(126, 'K-7', '2021-12-10', '07:00:00', '16:00:00', 'Hadir', ''),
(127, 'K-8', '2021-12-10', '07:00:00', '16:00:00', 'Hadir', ''),
(128, 'K-1', '2021-12-10', '07:00:00', '16:00:00', 'Hadir', ''),
(129, 'K-14', '2021-12-10', '07:00:00', '16:00:00', 'Hadir', ''),
(130, 'K-25', '2021-12-10', '07:00:00', '16:00:00', 'Hadir', ''),
(131, 'K-3', '2021-12-10', '07:00:00', '19:00:00', 'Lembur', 'Lembur Proyek'),
(132, 'K-30', '2021-12-10', '07:00:00', '19:00:00', 'Lembur', 'Lembur Proyek'),
(133, 'K-31', '2021-12-10', '07:00:00', '16:00:00', 'Hadir', ''),
(134, 'K-4', '2021-12-10', '07:00:00', '16:00:00', 'Hadir', ''),
(135, 'K-99', '2021-12-10', '07:00:00', '16:00:00', 'Hadir', ''),
(136, 'K-10', '2021-12-11', '07:00:00', '16:00:00', 'Hadir', ''),
(137, 'K-20', '2021-12-11', '07:00:00', '16:00:00', 'Hadir', ''),
(138, 'K-21', '2021-12-11', '07:00:00', '16:00:00', 'Hadir', ''),
(139, 'K-41', '2021-12-11', '07:00:00', '16:00:00', 'Hadir', ''),
(140, 'K-5', '2021-12-11', '07:00:00', '16:00:00', 'Hadir', ''),
(141, 'K-7', '2021-12-11', '07:00:00', '16:00:00', 'Hadir', ''),
(142, 'K-8', '2021-12-11', '07:00:00', '16:00:00', 'Hadir', ''),
(143, 'K-1', '2021-12-11', '07:00:00', '16:00:00', 'Hadir', ''),
(144, 'K-14', '2021-12-11', '07:00:00', '16:00:00', 'Hadir', ''),
(145, 'K-25', '2021-12-11', '07:00:00', '16:00:00', 'Hadir', ''),
(146, 'K-3', '2021-12-11', '07:00:00', '19:00:00', 'Lembur', 'Lembur Proyek'),
(147, 'K-30', '2021-12-11', '07:00:00', '19:00:00', 'Lembur', 'Lembur Proyek'),
(148, 'K-31', '2021-12-11', '07:00:00', '16:00:00', 'Hadir', ''),
(149, 'K-4', '2021-12-11', '07:00:00', '16:00:00', 'Hadir', ''),
(150, 'K-99', '2021-12-11', '07:00:00', '16:00:00', 'Hadir', ''),
(151, 'K-10', '2021-12-13', '07:00:00', '16:00:00', 'Hadir', ''),
(152, 'K-20', '2021-12-13', '07:00:00', '16:00:00', 'Hadir', ''),
(153, 'K-21', '2021-12-13', '07:00:00', '16:00:00', 'Hadir', ''),
(154, 'K-41', '2021-12-13', '07:00:00', '16:00:00', 'Hadir', ''),
(155, 'K-5', '2021-12-13', '07:00:00', '16:00:00', 'Hadir', ''),
(156, 'K-7', '2021-12-13', '07:00:00', '16:00:00', 'Hadir', ''),
(157, 'K-8', '2021-12-13', '07:00:00', '16:00:00', 'Hadir', ''),
(158, 'K-1', '2021-12-13', '07:00:00', '16:00:00', 'Hadir', ''),
(159, 'K-14', '2021-12-13', '07:00:00', '16:00:00', 'Hadir', ''),
(160, 'K-25', '2021-12-13', '07:00:00', '16:00:00', 'Hadir', ''),
(161, 'K-3', '2021-12-13', '07:00:00', '16:00:00', 'Hadir', ''),
(162, 'K-30', '2021-12-13', '07:00:00', '16:00:00', 'Hadir', ''),
(163, 'K-31', '2021-12-13', '07:00:00', '16:00:00', 'Hadir', ''),
(164, 'K-4', '2021-12-13', '07:00:00', '16:00:00', 'Hadir', ''),
(165, 'K-99', '2021-12-13', '07:00:00', '16:00:00', 'Hadir', ''),
(166, 'K-10', '2021-12-14', '00:00:00', '00:00:00', 'Cuti', ''),
(167, 'K-20', '2021-12-14', '07:00:00', '16:00:00', 'Hadir', ''),
(168, 'K-21', '2021-12-14', '07:00:00', '16:00:00', 'Hadir', ''),
(169, 'K-41', '2021-12-14', '07:00:00', '16:00:00', 'Hadir', ''),
(170, 'K-5', '2021-12-14', '07:00:00', '16:00:00', 'Hadir', ''),
(171, 'K-7', '2021-12-14', '07:00:00', '16:00:00', 'Hadir', ''),
(172, 'K-8', '2021-12-14', '07:00:00', '16:00:00', 'Hadir', ''),
(173, 'K-1', '2021-12-14', '07:00:00', '16:00:00', 'Hadir', ''),
(174, 'K-14', '2021-12-14', '07:00:00', '16:00:00', 'Hadir', ''),
(175, 'K-25', '2021-12-14', '07:00:00', '16:00:00', 'Hadir', ''),
(176, 'K-3', '2021-12-14', '07:00:00', '16:00:00', 'Hadir', ''),
(177, 'K-30', '2021-12-14', '07:00:00', '16:00:00', 'Hadir', ''),
(178, 'K-31', '2021-12-14', '07:00:00', '16:00:00', 'Hadir', ''),
(179, 'K-4', '2021-12-14', '07:00:00', '16:00:00', 'Hadir', ''),
(180, 'K-99', '2021-12-14', '07:00:00', '16:00:00', 'Hadir', ''),
(181, 'K-10', '2021-12-15', '00:00:00', '00:00:00', 'Cuti', ''),
(182, 'K-20', '2021-12-15', '07:00:00', '16:00:00', 'Hadir', ''),
(183, 'K-21', '2021-12-15', '07:00:00', '16:00:00', 'Hadir', ''),
(184, 'K-41', '2021-12-15', '07:00:00', '16:00:00', 'Hadir', ''),
(185, 'K-5', '2021-12-15', '07:00:00', '16:00:00', 'Hadir', ''),
(186, 'K-7', '2021-12-15', '07:00:00', '16:00:00', 'Hadir', ''),
(187, 'K-8', '2021-12-15', '07:00:00', '16:00:00', 'Hadir', ''),
(188, 'K-1', '2021-12-15', '07:00:00', '16:00:00', 'Hadir', ''),
(189, 'K-14', '2021-12-15', '07:00:00', '16:00:00', 'Hadir', ''),
(190, 'K-25', '2021-12-15', '07:00:00', '16:00:00', 'Hadir', ''),
(191, 'K-3', '2021-12-15', '07:00:00', '16:00:00', 'Hadir', ''),
(192, 'K-30', '2021-12-15', '07:00:00', '16:00:00', 'Hadir', ''),
(193, 'K-31', '2021-12-15', '07:00:00', '16:00:00', 'Hadir', ''),
(194, 'K-4', '2021-12-15', '07:00:00', '16:00:00', 'Hadir', ''),
(195, 'K-99', '2021-12-15', '07:00:00', '16:00:00', 'Hadir', ''),
(196, 'K-10', '2021-12-16', '07:00:00', '16:00:00', 'Hadir', ''),
(197, 'K-20', '2021-12-16', '07:00:00', '16:00:00', 'Hadir', ''),
(198, 'K-21', '2021-12-16', '07:00:00', '16:00:00', 'Hadir', ''),
(199, 'K-41', '2021-12-16', '07:00:00', '16:00:00', 'Hadir', ''),
(200, 'K-5', '2021-12-16', '07:00:00', '16:00:00', 'Hadir', ''),
(201, 'K-7', '2021-12-16', '07:00:00', '16:00:00', 'Hadir', ''),
(202, 'K-8', '2021-12-16', '07:00:00', '16:00:00', 'Hadir', ''),
(203, 'K-1', '2021-12-16', '07:00:00', '16:00:00', 'Hadir', ''),
(204, 'K-14', '2021-12-16', '07:00:00', '16:00:00', 'Hadir', ''),
(205, 'K-25', '2021-12-16', '07:00:00', '16:00:00', 'Hadir', ''),
(206, 'K-3', '2021-12-16', '07:00:00', '16:00:00', 'Hadir', ''),
(207, 'K-30', '2021-12-16', '07:00:00', '16:00:00', 'Hadir', ''),
(208, 'K-31', '2021-12-16', '07:00:00', '16:00:00', 'Hadir', ''),
(209, 'K-4', '2021-12-16', '07:00:00', '16:00:00', 'Hadir', ''),
(210, 'K-99', '2021-12-16', '07:00:00', '16:00:00', 'Hadir', ''),
(211, 'K-10', '2021-12-17', '07:00:00', '16:00:00', 'Hadir', ''),
(212, 'K-20', '2021-12-17', '07:00:00', '16:00:00', 'Hadir', ''),
(213, 'K-21', '2021-12-17', '07:00:00', '16:00:00', 'Hadir', ''),
(214, 'K-41', '2021-12-17', '07:00:00', '16:00:00', 'Hadir', ''),
(215, 'K-5', '2021-12-17', '07:00:00', '16:00:00', 'Hadir', ''),
(216, 'K-7', '2021-12-17', '07:00:00', '16:00:00', 'Hadir', ''),
(217, 'K-8', '2021-12-17', '07:00:00', '16:00:00', 'Hadir', ''),
(218, 'K-1', '2021-12-17', '07:00:00', '16:00:00', 'Hadir', ''),
(219, 'K-14', '2021-12-17', '07:00:00', '16:00:00', 'Hadir', ''),
(220, 'K-25', '2021-12-17', '07:00:00', '16:00:00', 'Hadir', ''),
(221, 'K-3', '2021-12-17', '07:00:00', '16:00:00', 'Hadir', ''),
(222, 'K-30', '2021-12-17', '07:00:00', '16:00:00', 'Hadir', ''),
(223, 'K-31', '2021-12-17', '07:00:00', '16:00:00', 'Hadir', ''),
(224, 'K-4', '2021-12-17', '07:00:00', '16:00:00', 'Hadir', ''),
(225, 'K-99', '2021-12-17', '07:00:00', '16:00:00', 'Hadir', ''),
(226, 'K-10', '2021-12-18', '07:00:00', '16:00:00', 'Hadir', ''),
(227, 'K-20', '2021-12-18', '07:00:00', '16:00:00', 'Hadir', ''),
(228, 'K-21', '2021-12-18', '07:00:00', '16:00:00', 'Hadir', ''),
(229, 'K-41', '2021-12-18', '07:00:00', '16:00:00', 'Hadir', ''),
(230, 'K-5', '2021-12-18', '07:00:00', '16:00:00', 'Hadir', ''),
(231, 'K-7', '2021-12-18', '07:00:00', '16:00:00', 'Hadir', ''),
(232, 'K-8', '2021-12-18', '07:00:00', '16:00:00', 'Hadir', ''),
(233, 'K-1', '2021-12-18', '07:00:00', '16:00:00', 'Hadir', ''),
(234, 'K-14', '2021-12-18', '07:00:00', '16:00:00', 'Hadir', ''),
(235, 'K-25', '2021-12-18', '07:00:00', '16:00:00', 'Hadir', ''),
(236, 'K-3', '2021-12-18', '07:00:00', '16:00:00', 'Hadir', ''),
(237, 'K-30', '2021-12-18', '07:00:00', '16:00:00', 'Hadir', ''),
(238, 'K-31', '2021-12-18', '07:00:00', '16:00:00', 'Hadir', ''),
(239, 'K-4', '2021-12-18', '07:00:00', '16:00:00', 'Hadir', ''),
(240, 'K-99', '2021-12-18', '07:00:00', '16:00:00', 'Hadir', ''),
(241, 'K-10', '2021-12-20', '07:00:00', '16:00:00', 'Hadir', ''),
(242, 'K-20', '2021-12-20', '07:00:00', '16:00:00', 'Hadir', ''),
(243, 'K-21', '2021-12-20', '07:00:00', '16:00:00', 'Hadir', ''),
(244, 'K-41', '2021-12-20', '07:00:00', '16:00:00', 'Hadir', ''),
(245, 'K-5', '2021-12-20', '07:00:00', '16:00:00', 'Hadir', ''),
(246, 'K-7', '2021-12-20', '07:00:00', '16:00:00', 'Hadir', ''),
(247, 'K-8', '2021-12-20', '07:00:00', '16:00:00', 'Hadir', ''),
(248, 'K-1', '2021-12-20', '07:00:00', '16:00:00', 'Hadir', ''),
(249, 'K-14', '2021-12-20', '07:00:00', '16:00:00', 'Hadir', ''),
(250, 'K-25', '2021-12-20', '07:00:00', '16:00:00', 'Hadir', ''),
(251, 'K-3', '2021-12-20', '07:00:00', '16:00:00', 'Hadir', ''),
(252, 'K-30', '2021-12-20', '07:00:00', '16:00:00', 'Hadir', ''),
(253, 'K-31', '2021-12-20', '07:00:00', '16:00:00', 'Hadir', ''),
(254, 'K-4', '2021-12-20', '07:00:00', '16:00:00', 'Hadir', ''),
(255, 'K-99', '2021-12-20', '07:00:00', '16:00:00', 'Hadir', ''),
(256, 'K-10', '2021-12-21', '07:00:00', '16:00:00', 'Hadir', ''),
(257, 'K-20', '2021-12-21', '07:00:00', '16:00:00', 'Hadir', ''),
(258, 'K-21', '2021-12-21', '07:00:00', '16:00:00', 'Hadir', ''),
(259, 'K-41', '2021-12-21', '07:00:00', '16:00:00', 'Hadir', ''),
(260, 'K-5', '2021-12-21', '07:00:00', '16:00:00', 'Hadir', ''),
(261, 'K-7', '2021-12-21', '07:00:00', '16:00:00', 'Hadir', ''),
(262, 'K-8', '2021-12-21', '07:00:00', '16:00:00', 'Hadir', ''),
(263, 'K-1', '2021-12-21', '07:00:00', '16:00:00', 'Hadir', ''),
(264, 'K-14', '2021-12-21', '07:00:00', '16:00:00', 'Hadir', ''),
(265, 'K-25', '2021-12-21', '07:00:00', '16:00:00', 'Hadir', ''),
(266, 'K-3', '2021-12-21', '07:00:00', '16:00:00', 'Hadir', ''),
(267, 'K-30', '2021-12-21', '07:00:00', '16:00:00', 'Hadir', ''),
(268, 'K-31', '2021-12-21', '07:00:00', '16:00:00', 'Hadir', ''),
(269, 'K-4', '2021-12-21', '07:00:00', '16:00:00', 'Hadir', ''),
(270, 'K-99', '2021-12-21', '07:00:00', '16:00:00', 'Hadir', ''),
(271, 'K-10', '2021-12-22', '07:00:00', '16:00:00', 'Hadir', ''),
(272, 'K-20', '2021-12-22', '07:00:00', '16:00:00', 'Hadir', ''),
(273, 'K-21', '2021-12-22', '07:00:00', '16:00:00', 'Hadir', ''),
(274, 'K-41', '2021-12-22', '07:00:00', '16:00:00', 'Hadir', ''),
(275, 'K-5', '2021-12-22', '07:00:00', '16:00:00', 'Hadir', ''),
(276, 'K-7', '2021-12-22', '07:00:00', '16:00:00', 'Hadir', ''),
(277, 'K-8', '2021-12-22', '07:00:00', '16:00:00', 'Hadir', ''),
(278, 'K-1', '2021-12-22', '07:00:00', '16:00:00', 'Hadir', ''),
(279, 'K-14', '2021-12-22', '07:00:00', '16:00:00', 'Hadir', ''),
(280, 'K-25', '2021-12-22', '07:00:00', '16:00:00', 'Hadir', ''),
(281, 'K-3', '2021-12-22', '07:00:00', '16:00:00', 'Hadir', ''),
(282, 'K-30', '2021-12-22', '07:00:00', '16:00:00', 'Hadir', ''),
(283, 'K-31', '2021-12-22', '07:00:00', '16:00:00', 'Hadir', ''),
(284, 'K-4', '2021-12-22', '07:00:00', '16:00:00', 'Hadir', ''),
(285, 'K-99', '2021-12-22', '07:00:00', '16:00:00', 'Hadir', ''),
(286, 'K-10', '2021-12-23', '07:00:00', '16:00:00', 'Hadir', ''),
(287, 'K-20', '2021-12-23', '07:00:00', '16:00:00', 'Hadir', ''),
(288, 'K-21', '2021-12-23', '07:00:00', '16:00:00', 'Hadir', ''),
(289, 'K-41', '2021-12-23', '07:00:00', '16:00:00', 'Hadir', ''),
(290, 'K-5', '2021-12-23', '07:00:00', '16:00:00', 'Hadir', ''),
(291, 'K-7', '2021-12-23', '07:00:00', '16:00:00', 'Hadir', ''),
(292, 'K-8', '2021-12-23', '07:00:00', '16:00:00', 'Hadir', ''),
(293, 'K-1', '2021-12-23', '07:00:00', '16:00:00', 'Hadir', ''),
(294, 'K-14', '2021-12-23', '07:00:00', '16:00:00', 'Hadir', ''),
(295, 'K-25', '2021-12-23', '07:00:00', '16:00:00', 'Hadir', ''),
(296, 'K-3', '2021-12-23', '07:00:00', '16:00:00', 'Hadir', ''),
(297, 'K-30', '2021-12-23', '07:00:00', '16:00:00', 'Hadir', ''),
(298, 'K-31', '2021-12-23', '07:00:00', '16:00:00', 'Hadir', ''),
(299, 'K-4', '2021-12-23', '07:00:00', '16:00:00', 'Hadir', ''),
(300, 'K-99', '2021-12-23', '07:00:00', '16:00:00', 'Hadir', ''),
(301, 'K-10', '2021-12-24', '07:00:00', '16:00:00', 'Hadir', ''),
(302, 'K-20', '2021-12-24', '07:00:00', '16:00:00', 'Hadir', ''),
(303, 'K-21', '2021-12-24', '07:00:00', '16:00:00', 'Hadir', ''),
(304, 'K-41', '2021-12-24', '07:00:00', '16:00:00', 'Hadir', ''),
(305, 'K-5', '2021-12-24', '07:00:00', '16:00:00', 'Hadir', ''),
(306, 'K-7', '2021-12-24', '07:00:00', '16:00:00', 'Hadir', ''),
(307, 'K-8', '2021-12-24', '07:00:00', '16:00:00', 'Hadir', ''),
(308, 'K-1', '2021-12-24', '07:00:00', '16:00:00', 'Hadir', ''),
(309, 'K-14', '2021-12-24', '07:00:00', '16:00:00', 'Hadir', ''),
(310, 'K-25', '2021-12-24', '07:00:00', '16:00:00', 'Hadir', ''),
(311, 'K-3', '2021-12-24', '07:00:00', '16:00:00', 'Hadir', ''),
(312, 'K-30', '2021-12-24', '07:00:00', '16:00:00', 'Hadir', ''),
(313, 'K-31', '2021-12-24', '07:00:00', '16:00:00', 'Hadir', ''),
(314, 'K-4', '2021-12-24', '07:00:00', '16:00:00', 'Hadir', ''),
(315, 'K-99', '2021-12-24', '07:00:00', '16:00:00', 'Hadir', ''),
(316, 'K-10', '2021-12-25', '07:00:00', '16:00:00', 'Hadir', ''),
(317, 'K-20', '2021-12-25', '07:00:00', '16:00:00', 'Hadir', ''),
(318, 'K-21', '2021-12-25', '07:00:00', '16:00:00', 'Hadir', ''),
(319, 'K-41', '2021-12-25', '07:00:00', '16:00:00', 'Hadir', ''),
(320, 'K-5', '2021-12-25', '07:00:00', '16:00:00', 'Hadir', ''),
(321, 'K-7', '2021-12-25', '07:00:00', '16:00:00', 'Hadir', ''),
(322, 'K-8', '2021-12-25', '07:00:00', '16:00:00', 'Hadir', ''),
(323, 'K-1', '2021-12-25', '07:00:00', '16:00:00', 'Hadir', ''),
(324, 'K-14', '2021-12-25', '07:00:00', '16:00:00', 'Hadir', ''),
(325, 'K-25', '2021-12-25', '07:00:00', '16:00:00', 'Hadir', ''),
(326, 'K-3', '2021-12-25', '07:00:00', '16:00:00', 'Hadir', ''),
(327, 'K-30', '2021-12-25', '07:00:00', '16:00:00', 'Hadir', ''),
(328, 'K-31', '2021-12-25', '07:00:00', '16:00:00', 'Hadir', ''),
(329, 'K-4', '2021-12-25', '07:00:00', '16:00:00', 'Hadir', ''),
(330, 'K-99', '2021-12-25', '07:00:00', '16:00:00', 'Hadir', ''),
(331, 'K-10', '2021-12-27', '07:00:00', '16:00:00', 'Hadir', ''),
(332, 'K-20', '2021-12-27', '07:00:00', '16:00:00', 'Hadir', ''),
(333, 'K-21', '2021-12-27', '07:00:00', '16:00:00', 'Hadir', ''),
(334, 'K-41', '2021-12-27', '07:00:00', '16:00:00', 'Hadir', ''),
(335, 'K-5', '2021-12-27', '07:00:00', '16:00:00', 'Hadir', ''),
(336, 'K-7', '2021-12-27', '07:00:00', '16:00:00', 'Hadir', ''),
(337, 'K-8', '2021-12-27', '07:00:00', '16:00:00', 'Hadir', ''),
(338, 'K-1', '2021-12-27', '07:00:00', '16:00:00', 'Hadir', ''),
(339, 'K-14', '2021-12-27', '07:00:00', '16:00:00', 'Hadir', ''),
(340, 'K-25', '2021-12-27', '07:00:00', '16:00:00', 'Hadir', ''),
(341, 'K-3', '2021-12-27', '07:00:00', '16:00:00', 'Hadir', ''),
(342, 'K-30', '2021-12-27', '07:00:00', '16:00:00', 'Hadir', ''),
(343, 'K-31', '2021-12-27', '07:00:00', '16:00:00', 'Hadir', ''),
(344, 'K-4', '2021-12-27', '07:00:00', '16:00:00', 'Hadir', ''),
(345, 'K-99', '2021-12-27', '07:00:00', '16:00:00', 'Hadir', ''),
(346, 'K-10', '2021-12-28', '07:00:00', '16:00:00', 'Hadir', ''),
(347, 'K-20', '2021-12-28', '07:00:00', '16:00:00', 'Hadir', ''),
(348, 'K-21', '2021-12-28', '07:00:00', '16:00:00', 'Hadir', ''),
(349, 'K-41', '2021-12-28', '07:00:00', '16:00:00', 'Hadir', ''),
(350, 'K-5', '2021-12-28', '07:00:00', '16:00:00', 'Hadir', ''),
(351, 'K-7', '2021-12-28', '07:00:00', '16:00:00', 'Hadir', ''),
(352, 'K-8', '2021-12-28', '07:00:00', '16:00:00', 'Hadir', ''),
(353, 'K-1', '2021-12-28', '07:00:00', '16:00:00', 'Hadir', ''),
(354, 'K-14', '2021-12-28', '07:00:00', '16:00:00', 'Hadir', ''),
(355, 'K-25', '2021-12-28', '07:00:00', '16:00:00', 'Hadir', ''),
(356, 'K-3', '2021-12-28', '07:00:00', '16:00:00', 'Hadir', ''),
(357, 'K-30', '2021-12-28', '07:00:00', '16:00:00', 'Hadir', ''),
(358, 'K-31', '2021-12-28', '07:00:00', '16:00:00', 'Hadir', ''),
(359, 'K-4', '2021-12-28', '07:00:00', '16:00:00', 'Hadir', ''),
(360, 'K-99', '2021-12-28', '07:00:00', '16:00:00', 'Hadir', ''),
(361, 'K-10', '2021-12-29', '07:00:00', '16:00:00', 'Hadir', ''),
(362, 'K-20', '2021-12-29', '07:00:00', '16:00:00', 'Hadir', ''),
(363, 'K-21', '2021-12-29', '07:00:00', '16:00:00', 'Hadir', ''),
(364, 'K-41', '2021-12-29', '07:00:00', '16:00:00', 'Hadir', ''),
(365, 'K-5', '2021-12-29', '07:00:00', '16:00:00', 'Hadir', ''),
(366, 'K-7', '2021-12-29', '07:00:00', '16:00:00', 'Hadir', ''),
(367, 'K-8', '2021-12-29', '07:00:00', '16:00:00', 'Hadir', ''),
(368, 'K-1', '2021-12-29', '07:00:00', '16:00:00', 'Hadir', ''),
(369, 'K-14', '2021-12-29', '07:00:00', '16:00:00', 'Hadir', ''),
(370, 'K-25', '2021-12-29', '07:00:00', '16:00:00', 'Hadir', ''),
(371, 'K-3', '2021-12-29', '07:00:00', '16:00:00', 'Hadir', ''),
(372, 'K-30', '2021-12-29', '07:00:00', '16:00:00', 'Hadir', ''),
(373, 'K-31', '2021-12-29', '07:00:00', '16:00:00', 'Hadir', ''),
(374, 'K-4', '2021-12-29', '07:00:00', '16:00:00', 'Hadir', ''),
(375, 'K-99', '2021-12-29', '07:00:00', '16:00:00', 'Hadir', ''),
(376, 'K-10', '2021-12-30', '07:00:00', '16:00:00', 'Hadir', ''),
(377, 'K-20', '2021-12-30', '07:00:00', '16:00:00', 'Hadir', ''),
(378, 'K-21', '2021-12-30', '07:00:00', '16:00:00', 'Hadir', ''),
(379, 'K-41', '2021-12-30', '07:00:00', '16:00:00', 'Hadir', ''),
(380, 'K-5', '2021-12-30', '07:00:00', '16:00:00', 'Hadir', ''),
(381, 'K-7', '2021-12-30', '07:00:00', '16:00:00', 'Hadir', ''),
(382, 'K-8', '2021-12-30', '07:00:00', '16:00:00', 'Hadir', ''),
(383, 'K-1', '2021-12-30', '07:00:00', '16:00:00', 'Hadir', ''),
(384, 'K-14', '2021-12-30', '07:00:00', '16:00:00', 'Hadir', ''),
(385, 'K-25', '2021-12-30', '07:00:00', '16:00:00', 'Hadir', ''),
(386, 'K-3', '2021-12-30', '07:00:00', '16:00:00', 'Hadir', ''),
(387, 'K-30', '2021-12-30', '07:00:00', '16:00:00', 'Hadir', ''),
(388, 'K-31', '2021-12-30', '07:00:00', '16:00:00', 'Hadir', ''),
(389, 'K-4', '2021-12-30', '07:00:00', '16:00:00', 'Hadir', ''),
(390, 'K-99', '2021-12-30', '07:00:00', '16:00:00', 'Hadir', ''),
(391, 'K-10', '2021-12-31', '07:00:00', '16:00:00', 'Hadir', ''),
(392, 'K-20', '2021-12-31', '07:00:00', '16:00:00', 'Hadir', ''),
(393, 'K-21', '2021-12-31', '07:00:00', '16:00:00', 'Hadir', ''),
(394, 'K-41', '2021-12-31', '07:00:00', '16:00:00', 'Hadir', ''),
(395, 'K-5', '2021-12-31', '07:00:00', '16:00:00', 'Hadir', ''),
(396, 'K-7', '2021-12-31', '07:00:00', '16:00:00', 'Hadir', ''),
(397, 'K-8', '2021-12-31', '07:00:00', '16:00:00', 'Hadir', ''),
(398, 'K-1', '2021-12-31', '07:00:00', '16:00:00', 'Hadir', ''),
(399, 'K-14', '2021-12-31', '07:00:00', '16:00:00', 'Hadir', ''),
(400, 'K-25', '2021-12-31', '07:00:00', '16:00:00', 'Hadir', ''),
(401, 'K-3', '2021-12-31', '07:00:00', '16:00:00', 'Hadir', ''),
(402, 'K-30', '2021-12-31', '07:00:00', '16:00:00', 'Hadir', ''),
(403, 'K-31', '2021-12-31', '07:00:00', '16:00:00', 'Hadir', ''),
(404, 'K-4', '2021-12-31', '07:00:00', '16:00:00', 'Hadir', ''),
(405, 'K-99', '2021-12-31', '07:00:00', '16:00:00', 'Hadir', '');

-- --------------------------------------------------------

--
-- Table structure for table `bagian`
--

CREATE TABLE `bagian` (
  `kd_bagian` char(4) NOT NULL,
  `nama_bagian` varchar(100) NOT NULL,
  `gaji_pokok` int(10) DEFAULT NULL,
  `uang_jamsostek` int(10) DEFAULT NULL,
  `uang_lembur` int(10) DEFAULT NULL
) ENGINE=InnoDB DEFAULT CHARSET=utf8mb4;

--
-- Dumping data for table `bagian`
--

INSERT INTO `bagian` (`kd_bagian`, `nama_bagian`, `gaji_pokok`, `uang_jamsostek`, `uang_lembur`) VALUES
('K-1', 'Komisaris', 3000000, 50000, 100000),
('K-11', 'Keuangan', 3000000, 50000, 100000),
('K-12', 'Perizinan', 3000000, 50000, 100000),
('K-13', 'Front Office', 1950000, 50000, 100000),
('K-3', 'IT', 3000000, 50000, 100000),
('K-30', 'OB', 1500000, 50000, 15000),
('K-31', 'HRD', 3500000, 50000, 20000);

-- --------------------------------------------------------

--
-- Table structure for table `karyawan`
--

CREATE TABLE `karyawan` (
  `kd_karyawan` char(5) NOT NULL,
  `nik` varchar(20) NOT NULL,
  `nama_karyawan` varchar(100) DEFAULT NULL,
  `kd_bagian` char(4) DEFAULT NULL,
  `kelamin` varchar(10) DEFAULT NULL,
  `agama` varchar(20) DEFAULT NULL,
  `alamat_tinggal` varchar(1000) DEFAULT NULL,
  `no_telepon` int(10) DEFAULT NULL,
  `tempat_lahir` varchar(60) DEFAULT NULL,
  `tanggal_lahir` date DEFAULT NULL,
  `status_kawin` varchar(10) DEFAULT NULL,
  `tanggal_masuk` date DEFAULT NULL
) ENGINE=InnoDB DEFAULT CHARSET=utf8mb4;

--
-- Dumping data for table `karyawan`
--

INSERT INTO `karyawan` (`kd_karyawan`, `nik`, `nama_karyawan`, `kd_bagian`, `kelamin`, `agama`, `alamat_tinggal`, `no_telepon`, `tempat_lahir`, `tanggal_lahir`, `status_kawin`, `tanggal_masuk`) VALUES
('K-1', '33171050010001', 'Dea Miranda', 'K-1', 'Perempuan', 'Islam', 'Jl. Pemuda No.1, Kudus', 2147483647, 'Rembang', '1991-12-04', 'Belum', '2020-12-01'),
('K-10', '33171050011010', 'Sara Salsabila', 'K-11', 'Perempuan', 'Islam', 'Mejobo, Kudus', 2147483647, 'Jepara', '1977-05-03', 'Belum', '2020-06-03'),
('K-14', '33171051200177', 'Akbar Syafrinaldi', 'K-12', 'Laki-laki', 'Islam', 'Jl. Pahlawan No.9, Kudus', 2147483647, 'Bogor', '1979-06-02', 'Sudah', '2020-05-04'),
('K-20', '33171100000010', 'Bowo Saputra', 'K-13', 'Laki-laki', 'Katholik', 'Jl. Pemuda No.20, Kudus', 2147483647, 'Rembang', '1989-12-06', 'Sudah', '2020-11-02'),
('K-21', '33171050010003', 'Sujono', 'K-13', 'Laki-laki', 'Islam', 'Mlati Kidul, Kudus', 2147483647, 'Surabaya', '1985-01-25', 'Sudah', '2020-05-01'),
('K-25', '33171050697009', 'Naufal Arzaqi', 'K-3', 'Laki-laki', 'Islam', 'Jl. Mawar No.6, Kudus', 2147483647, 'Rembang', '1990-08-09', 'Belum', '2020-03-02'),
('K-3', '33171050021102', 'Muhammad Daffa', 'K-3', 'Laki-laki', 'Islam', 'Jl. Melati No.5, Kudus', 2147483647, 'Kudus', '1988-09-15', 'Sudah', '2020-09-03'),
('K-30', '33171000000000', 'Suyatno', 'K-30', 'Laki-laki', 'Hindu', 'Jl. Merpati No. 10, Kudus', 2147483647, 'Medan', '1973-05-08', 'Sudah', '2020-04-06'),
('K-31', '33171103108900', 'Muzdalifah', 'K-31', 'Perempuan', 'Islam', 'Jl. Pemuda No.15, Kudus', 2147483647, 'Jepara', '1978-01-09', 'Sudah', '2020-03-09'),
('K-4', '33171102109901', 'Yusuf Abdullah', 'K-1', 'Laki-laki', 'Islam', 'Jl. Pemuda No.20, Kudus', 2147483647, 'Kudus', '1985-05-08', 'Sudah', '2020-01-01'),
('K-41', '33171050010005', 'Damara Farel Setyawan', 'K-12', 'Laki-laki', 'Kristen', 'Mlati Lor, Kudus', 2147483647, 'Sidoarjo', '1990-12-14', 'Belum', '2020-12-14'),
('K-5', '33171050010006', 'Mulyaningrum', 'K-1', 'Perempuan', 'Islam', 'Jl.Japan No.10, Kudus', 2147483647, 'Rembang', '1971-08-09', 'Sudah', '2020-05-01'),
('K-7', '33171050010007', 'Rusmanto', 'K-13', 'Laki-laki', 'Islam', 'Kudus', 2147483647, 'Kudus', '1986-11-24', 'Sudah', '2020-12-13'),
('K-8', '33171050010009', 'Toh Jaya Wiweka', 'K-1', 'Laki-laki', 'Katholik', 'Jl. Pemuda No.15, Kudus', 2147483647, 'Kudus', '1992-12-09', 'Belum', '2020-12-13'),
('K-99', '33171000012000', 'Samsudin', 'K-12', 'Laki-laki', 'Hindu', 'Ds. Meteseh Rt.01/Rw.07 kec. kaliori, Kab. Rembang', 2147483647, 'Rembang', '1997-05-18', 'Belum', '2020-05-01');

-- --------------------------------------------------------

--
-- Table structure for table `penggajian`
--

CREATE TABLE `penggajian` (
  `no_penggajian` int(5) NOT NULL,
  `periode_gaji` char(7) DEFAULT NULL,
  `tanggal` date DEFAULT NULL,
  `kd_karyawan` char(5) DEFAULT NULL,
  `gaji_pokok` int(10) DEFAULT NULL,
  `tunj_jamsos` int(10) DEFAULT NULL,
  `potongan` int(11) NOT NULL,
  `total_lembur` int(10) DEFAULT NULL,
  `kd_user` char(4) DEFAULT NULL
) ENGINE=InnoDB DEFAULT CHARSET=utf8mb4;

--
-- Dumping data for table `penggajian`
--

INSERT INTO `penggajian` (`no_penggajian`, `periode_gaji`, `tanggal`, `kd_karyawan`, `gaji_pokok`, `tunj_jamsos`, `potongan`, `total_lembur`, `kd_user`) VALUES
(755, '2022-01', '2022-01-02', 'K-1', 3000000, 50000, 120000, 0, 'U1'),
(756, '2022-01', '2022-01-02', 'K-4', 3000000, 50000, 30000, 0, 'U1'),
(757, '2022-01', '2022-01-02', 'K-5', 3000000, 50000, 0, 0, 'U1'),
(758, '2022-01', '2022-01-02', 'K-8', 3000000, 50000, 45000, 0, 'U1'),
(759, '2022-01', '2022-01-02', 'K-10', 3000000, 50000, 60000, 0, 'U1'),
(760, '2022-01', '2022-01-02', 'K-14', 3000000, 50000, 0, 0, 'U1'),
(761, '2022-01', '2022-01-02', 'K-41', 3000000, 50000, 120000, 0, 'U1'),
(762, '2022-01', '2022-01-02', 'K-99', 3000000, 50000, 0, 0, 'U1'),
(763, '2022-01', '2022-01-02', 'K-20', 1950000, 50000, 0, 0, 'U1'),
(764, '2022-01', '2022-01-02', 'K-21', 1950000, 50000, 195000, 0, 'U1'),
(765, '2022-01', '2022-01-02', 'K-7', 1950000, 50000, 0, 0, 'U1'),
(766, '2022-01', '2022-01-02', 'K-25', 3000000, 50000, 0, 0, 'U1'),
(767, '2022-01', '2022-01-02', 'K-3', 3000000, 50000, 0, 300000, 'U1'),
(768, '2022-01', '2022-01-02', 'K-30', 1500000, 50000, 0, 45000, 'U1'),
(769, '2022-01', '2022-01-02', 'K-31', 3500000, 50000, 35000, 0, 'U1');

-- --------------------------------------------------------

--
-- Table structure for table `user`
--

CREATE TABLE `user` (
  `kd_user` char(3) NOT NULL,
  `nama_user` varchar(100) NOT NULL,
  `no_telepon` varchar(20) DEFAULT NULL,
  `username` char(20) DEFAULT NULL,
  `password` varchar(20) DEFAULT NULL,
  `level` varchar(20) DEFAULT NULL,
  `kd_karyawan` char(5) DEFAULT NULL
) ENGINE=InnoDB DEFAULT CHARSET=utf8mb4;

--
-- Dumping data for table `user`
--

INSERT INTO `user` (`kd_user`, `nama_user`, `no_telepon`, `username`, `password`, `level`, `kd_karyawan`) VALUES
('U1', 'desi', '089505136748', 'admin', 'admin', 'Admin', '');

--
-- Indexes for dumped tables
--

--
-- Indexes for table `absensi`
--
ALTER TABLE `absensi`
  ADD PRIMARY KEY (`id`),
  ADD KEY `kd_karyawan` (`kd_karyawan`);

--
-- Indexes for table `bagian`
--
ALTER TABLE `bagian`
  ADD PRIMARY KEY (`kd_bagian`);

--
-- Indexes for table `karyawan`
--
ALTER TABLE `karyawan`
  ADD PRIMARY KEY (`kd_karyawan`),
  ADD KEY `kd_bagian` (`kd_bagian`);

--
-- Indexes for table `penggajian`
--
ALTER TABLE `penggajian`
  ADD PRIMARY KEY (`no_penggajian`),
  ADD KEY `kd_karyawan` (`kd_karyawan`),
  ADD KEY `kd_user` (`kd_user`);

--
-- Indexes for table `user`
--
ALTER TABLE `user`
  ADD PRIMARY KEY (`kd_user`),
  ADD KEY `kd_karyawan` (`kd_karyawan`);

--
-- AUTO_INCREMENT for dumped tables
--

--
-- AUTO_INCREMENT for table `absensi`
--
ALTER TABLE `absensi`
  MODIFY `id` int(10) NOT NULL AUTO_INCREMENT, AUTO_INCREMENT=418;

--
-- AUTO_INCREMENT for table `penggajian`
--
ALTER TABLE `penggajian`
  MODIFY `no_penggajian` int(5) NOT NULL AUTO_INCREMENT, AUTO_INCREMENT=770;

--
-- Constraints for dumped tables
--

--
-- Constraints for table `absensi`
--
ALTER TABLE `absensi`
  ADD CONSTRAINT `absensi_ibfk_1` FOREIGN KEY (`kd_karyawan`) REFERENCES `karyawan` (`kd_karyawan`) ON DELETE CASCADE;

--
-- Constraints for table `karyawan`
--
ALTER TABLE `karyawan`
  ADD CONSTRAINT `karyawan_ibfk_1` FOREIGN KEY (`kd_bagian`) REFERENCES `bagian` (`kd_bagian`) ON DELETE CASCADE;

--
-- Constraints for table `penggajian`
--
ALTER TABLE `penggajian`
  ADD CONSTRAINT `penggajian_ibfk_1` FOREIGN KEY (`kd_karyawan`) REFERENCES `karyawan` (`kd_karyawan`) ON DELETE CASCADE,
  ADD CONSTRAINT `penggajian_ibfk_2` FOREIGN KEY (`kd_user`) REFERENCES `user` (`kd_user`) ON DELETE CASCADE;
COMMIT;

/*!40101 SET CHARACTER_SET_CLIENT=@OLD_CHARACTER_SET_CLIENT */;
/*!40101 SET CHARACTER_SET_RESULTS=@OLD_CHARACTER_SET_RESULTS */;
/*!40101 SET COLLATION_CONNECTION=@OLD_COLLATION_CONNECTION */;
